districs,google_maps_links,address,polling_station_ar,polling_station_en,diplomatic entity,kalam,country,country_ar,country_en,lat,long
0,https://goo.gl/maps/ETJibNU6JbC2,"Paseo de la Castellana,178 Bis 2 28046 Madrid",مدريد - مبنى السفارة,Madrid - embassy building,سفارة لبنان في مدريد,1,مملكة إسبانيا - أوروبا,إسبانيا,Spain,40.461193,-3.689121
1 - 2 - 3 -4 - 5 - 6 - 7 - 8,https://goo.gl/maps/4EBv5JpT5FE2,"Thunstrasse 20, 3074 Muri Bei Bern",برن - مبنى السفارة,Bern - embassy building,سفارة لبنان في برن,1,الاتحاد السويسري - أوروبا,سويسرا,Switzerland,46.935539,7.478675
9 -10 – 11 -12 - 13 - 14 -15 - 16 - 17 - 18 - 19 - 20 - 21 - 22 - 23 - 24 - 25,https://goo.gl/maps/4EBv5JpT5FE2,"Thunstrasse 20, 3074 Muri Bei Bern",برن - مبنى السفارة,Bern - embassy building,سفارة لبنان في برن,2,الاتحاد السويسري - أوروبا,سويسرا,Switzerland,46.935539,7.478675
0,https://goo.gl/maps/qGfFhrdg2KR2,"Frederikstraat 2, 2514 LK, La Haye",لاهاي - مبنى السفارة,The Hague - embassy building,سفارة لبنان في لاهاي,1,مملكة هولندا - أوروبا,هولندا,The Netherlands,52.0865931,4.3024503
0,https://goo.gl/maps/w6bQfyegr8C2,"11 Aleksandr Puskin Str., Bucharest",بوخارست - مبنى السفارة,Bucharest - embassy building,سفارة لبنان في بوخارست,1,جمهورية رومانيا - أوروبا,رومانيا,Romania,44.4695881,26.0827253
12 - 14 - 15 - 18 - 20 - 23 - 24,https://goo.gl/maps/HKjWaLRu5vp,"15 Palace Gardens Mews, London, W 8-4RB",لندن - مبنى السفارة,London - embassy building,سفارة لبنان في لندن,1,المملكة المتحدة لبريطانيا العظمى وآيرلندا الشمالية - أوروبا,بريطانيا وآيرلندا الشمالية,UK and Northern Ireland,51.507797,-0.192655
1 - 2 - 16 -21 -22,https://goo.gl/maps/HKjWaLRu5vp,"15 Palace Gardens Mews, London, W 8-4RB",لندن - مبنى السفارة,London - embassy building,سفارة لبنان في لندن,2,المملكة المتحدة لبريطانيا العظمى وآيرلندا الشمالية - أوروبا,بريطانيا وآيرلندا الشمالية,UK and Northern Ireland,51.507797,-0.192655
19 - 25 - 10 - 17 - 13 - 11 - 9 - 8 - 4,https://goo.gl/maps/HKjWaLRu5vp,"15 Palace Gardens Mews, London, W 8-4RB",لندن - مبنى السفارة,London - embassy building,سفارة لبنان في لندن,3,المملكة المتحدة لبريطانيا العظمى وآيرلندا الشمالية - أوروبا,بريطانيا وآيرلندا الشمالية,UK and Northern Ireland,51.507797,-0.192655
6 - 5 - 3 - 7,https://goo.gl/maps/HKjWaLRu5vp,"15 Palace Gardens Mews, London, W 8-4RB",لندن - مبنى السفارة,London - embassy building,سفارة لبنان في لندن,4,المملكة المتحدة لبريطانيا العظمى وآيرلندا الشمالية - أوروبا,بريطانيا وآيرلندا الشمالية,UK and Northern Ireland,51.507797,-0.192655
0,https://goo.gl/maps/4vrmxGFNoXF2,"Paritsi 2, Neo Psichiko 154 51, Greece",اثينا - مبنى السفارة,Athens- embassy building,سفارة لبنان في اثينا,1,المملكة الهيلانية - أوروبا,اليونان,Greece,38.00653,23.777201
1 - 2 - 24 - 15 – 18 – 20 – 14 –12 – 23 – 8 – 6,https://goo.gl/maps/u2rHN8X3edv,"101 Ave. Franklin Roosevelt, 1050 Bruxelles",بروكسل - مبنى السفارة,Brussels - embassy building,سفارة لبنان في بروكسل,1,مملكة بلجيكا - أوروبا,بلجيكا,Belgium,50.802691,4.387898
16 – 21 – 22 – 10 – 19 – 25,https://goo.gl/maps/u2rHN8X3edv,"101 Ave. Franklin Roosevelt, 1050 Bruxelles",بروكسل - مبنى السفارة,Brussels - embassy building,سفارة لبنان في بروكسل,2,مملكة بلجيكا - أوروبا,بلجيكا,Belgium,50.802691,4.387898
17 – 13 – 11 – 9 – 4 – 5 – 3 – 7,https://goo.gl/maps/u2rHN8X3edv,"101 Ave. Franklin Roosevelt, 1050 Bruxelles",بروكسل - مبنى السفارة,Brussels - embassy building,سفارة لبنان في بروكسل,3,مملكة بلجيكا - أوروبا,بلجيكا,Belgium,50.802691,4.387898
0,https://goo.gl/maps/UZhb7UYgfXs,"Via Giacomo Carissimi, 38, 00198 Roma",روما - مبنى السفارة,Rome - embassy building,سفارة لبنان في روما,1,الجمهورية الإيطالية - أوروبا,إيطاليا,Italy,50.802691,4.387898
0,https://goo.gl/maps/wxyyQaDaPgQ2,"Via Larga, 26, 20122 Milano",ميلانو- مبنى القنصلية العامة,Milan - consulate general building,قنصلية لبنان العامة في ميلانو,2,الجمهورية الإيطالية - أوروبا,إيطاليا,Italy,45.460905,9.190843
1 - 2 - 24 - 15 - 18 - 20 - 14 -12 - 3 - 7 - 23 - 5,https://goo.gl/maps/SHGy2qcptjJ2,"Kommendörsgatan 35, 114 58 Stockholm, Sweden",ستوكهولم - مبنى السفارة,Stockholm - embassy building,سفارة لبنان في ستوكهولم,1,مملكة السويد - أوروبا,السويد,Sweden,59.337404,18.086731
16 - 21 - 22 - 19 - 25 - 26- 17 - 6 - 8 - 13 – 11 – 9 – 4,https://goo.gl/maps/SHGy2qcptjJ2,"Kommendörsgatan 35, 114 58 Stockholm, Sweden",ستوكهولم - مبنى السفارة,Stockholm - embassy building,سفارة لبنان في ستوكهولم,2,مملكة السويد - أوروبا,السويد,Sweden,59.337404,18.086731
1 - 2 - 16 - 22- 3 - 7,https://goo.gl/maps/7iF3BhaieNq,"Östergatan 10, 211 25 Malmö, Sweden",Radisson Blu Hotel - مالمو,Radisson Blu Hotel - Malmo,سفارة لبنان في ستوكهولم,3,مملكة السويد - أوروبا,السويد,Sweden,55.60766,13.007781
15 - 18 - 20 - 14 -12 - 23 - 19 - 25 - 10 - 11 - 9 - 6 - 8 - 4 - 5,https://goo.gl/maps/7iF3BhaieNq,"Östergatan 10, 211 25 Malmö, Sweden",Radisson Blu Hotel - مالمو,Radisson Blu Hotel - Malmo,سفارة لبنان في ستوكهولم,4,مملكة السويد - أوروبا,السويد,Sweden,55.60766,13.007781
1 - 2 - 6 - 8 - 4 - 5 - 3 - 7 - 24 - 15,https://goo.gl/maps/TgcyewuDdvF2,"Olof Palmes plats 1, 413 04 Göteborg, Sweden",Folketshus Hotel - غوتنبرغ,Folketshus Hotel - göteborg,سفارة لبنان في ستوكهولم,5,مملكة السويد - أوروبا,السويد,Sweden,57.70072,11.952629
18 - 20 - 14 -12 - 7 - 23 - 16 - 21 - 22 - 19 -25 - 17 - 9,https://goo.gl/maps/TgcyewuDdvF2,"Olof Palmes plats 1, 413 04 Göteborg, Sweden",Folketshus Hotel - غوتنبرغ,Folketshus Hotel - göteborg,سفارة لبنان في ستوكهولم,6,مملكة السويد - أوروبا,السويد,Sweden,57.70072,11.952629
0,https://goo.gl/maps/G6dx2rDCjVL2,"Ellehammersvej 20, 2770 Kastrup",Clarion Hotel Copenhagen - كوبنهاغن,Clarion Hotel Copenhagen,سفارة لبنان في ستكهولم٠,1,مملكة الدانمارك - أوروبا,الدانمارك,Denmark,55.630453,12.650803
2,https://goo.gl/maps/GVg4v7ZYWZp,"Berliner Str. 127, 13187 Berlin, Germany",برلين - مبنى السفارة,Berlin - embassy building,سفارة لبنان في برلين,1,جمهورية ألمانيا الاتحادية - أوروبا,ألمانيا,Germany,52.569853,13.411991
1 - 2,https://goo.gl/maps/GVg4v7ZYWZp,"Berliner Str. 127, 13187 Berlin, Germany",برلين - مبنى السفارة,Berlin - embassy building,سفارة لبنان في برلين,2,جمهورية ألمانيا الاتحادية - أوروبا,ألمانيا,Germany,52.569853,13.411991
18,https://goo.gl/maps/GVg4v7ZYWZp,"Berliner Str. 127, 13187 Berlin, Germany",برلين - مبنى السفارة,Berlin - embassy building,سفارة لبنان في برلين,3,جمهورية ألمانيا الاتحادية - أوروبا,ألمانيا,Germany,52.569853,13.411991
18,https://goo.gl/maps/GVg4v7ZYWZp,"Berliner Str. 127, 13187 Berlin, Germany",برلين - مبنى السفارة,Berlin - embassy building,سفارة لبنان في برلين,4,جمهورية ألمانيا الاتحادية - أوروبا,ألمانيا,Germany,52.569853,13.411991
20,https://goo.gl/maps/GVg4v7ZYWZp,"Berliner Str. 127, 13187 Berlin, Germany",برلين - مبنى السفارة,Berlin - embassy building,سفارة لبنان في برلين,5,جمهورية ألمانيا الاتحادية - أوروبا,ألمانيا,Germany,52.569853,13.411991
14 -12,https://goo.gl/maps/GVg4v7ZYWZp,"Berliner Str. 127, 13187 Berlin, Germany",برلين - مبنى السفارة,Berlin - embassy building,سفارة لبنان في برلين,6,جمهورية ألمانيا الاتحادية - أوروبا,ألمانيا,Germany,52.569853,13.411991
21 -23,https://goo.gl/maps/GVg4v7ZYWZp,"Berliner Str. 127, 13187 Berlin, Germany",برلين - مبنى السفارة,Berlin - embassy building,سفارة لبنان في برلين,7,جمهورية ألمانيا الاتحادية - أوروبا,ألمانيا,Germany,52.569853,13.411991
24 - 15 - 16 - 22 - 19 - 25 - 26-10-17-13-11-9-6-8-4-5-3-7,https://goo.gl/maps/GVg4v7ZYWZp,"Berliner Str. 127, 13187 Berlin, Germany",برلين - مبنى السفارة,Berlin - embassy building,سفارة لبنان في برلين,8,جمهورية ألمانيا الاتحادية - أوروبا,ألمانيا,Germany,52.569853,13.411991
1 - 2 - 24 - 15 - 20 - 17 - 11 - 9 - 6 - 8 - 4 - 5 - 3 - 7,https://goo.gl/maps/tbXu1AQsubR2,"Mainzer Landstraße 268, 60326 Frankfurt am Main, Germany",فرانكفورت - مبنى القنصلية الفخرية,Frankfut - honorary consulate building,سفارة لبنان في برلين,9,جمهورية ألمانيا الاتحادية - أوروبا,ألمانيا,Germany,59.337404,18.086738
18 -14-12-23-16-26-10- 21-22-19 - 25,https://goo.gl/maps/tbXu1AQsubR2,"Mainzer Landstraße 268, 60326 Frankfurt am Main, Germany",فرانكفورت - مبنى القنصلية الفخرية,Frankfut - honorary consulate building,سفارة لبنان في برلين,10,جمهورية ألمانيا الاتحادية - أوروبا,ألمانيا,Germany,59.337404,18.086738
1 - 2-3-7,https://goo.gl/maps/UHRGGtgiYRC2,"Maritim-Platz 1, 40474 Düsseldorf, Germany",Maritim Hotel - دوسلدورف,Maritim Hotel - Dusseldorf,سفارة لبنان في برلين,11,جمهورية ألمانيا الاتحادية - أوروبا,ألمانيا,Germany,51.27592,6.768411
24 -15-18-23,https://goo.gl/maps/UHRGGtgiYRC2,"Maritim-Platz 1, 40474 Düsseldorf, Germany",Maritim Hotel - دوسلدورف,Maritim Hotel - Dusseldorf,سفارة لبنان في برلين,12,جمهورية ألمانيا الاتحادية - أوروبا,ألمانيا,Germany,51.27592,6.768411
20 -14-12,https://goo.gl/maps/UHRGGtgiYRC2,"Maritim-Platz 1, 40474 Düsseldorf, Germany",Maritim Hotel - دوسلدورف,Maritim Hotel - Dusseldorf,سفارة لبنان في برلين,13,جمهورية ألمانيا الاتحادية - أوروبا,ألمانيا,Germany,51.27592,6.768411
22 -16-21-19-25-26-10-17-11-9-6-8-4-5,https://goo.gl/maps/UHRGGtgiYRC2,"Maritim-Platz 1, 40474 Düsseldorf, Germany",Maritim Hotel - دوسلدورف,Maritim Hotel - Dusseldorf,سفارة لبنان في برلين,14,جمهورية ألمانيا الاتحادية - أوروبا,ألمانيا,Germany,51.27592,6.768411
1 - 2 - 24 - 15 - 18 - 20,https://goo.gl/maps/J1ZJm5gD5FA2,"Hillmannpl. 20, 28195 Bremen, Germany",SwissOtel - بريمن,Swissôtel Bremen,سفارة لبنان في برلين,15,جمهورية ألمانيا الاتحادية - أوروبا,ألمانيا,Germany,53.079911,8.809381
14 -23-12-16-21-22-19-25-26-10-6-8-4-5-3,https://goo.gl/maps/J1ZJm5gD5FA2,"Hillmannpl. 20, 28195 Bremen, Germany",SwissOtel - بريمن,Swissôtel Bremen,سفارة لبنان في برلين,16,جمهورية ألمانيا الاتحادية - أوروبا,ألمانيا,Germany,53.079911,8.809381
1 - 2 - 15 - 18 - 4 - 20 -5-3-7-6-8,https://goo.gl/maps/ufbY2jCTiaC2,"Rosenstraße 1, 30159 Hannover, Germany",Intercity Hotel - هانوفر,Intercity Hotel - Hanover,سفارة لبنان في برلين,17,جمهورية ألمانيا الاتحادية - أوروبا,ألمانيا,Germany,52.376373,9.737994
11 - 26- 10 - 19 - 25 - 14 -12 - 23 - 22,https://goo.gl/maps/ufbY2jCTiaC2,"Rosenstraße 1, 30159 Hannover, Germany",Intercity Hotel - هانوفر,Intercity Hotel - Hanover,سفارة لبنان في برلين,18,جمهورية ألمانيا الاتحادية - أوروبا,ألمانيا,Germany,52.376373,9.737994
0,https://goo.gl/maps/SThQvNkKKnu,"Besenbinderhof 57A, 20097 Hamburg",Besenbinderhof Saal - هامبورغ,Besenbinderhof Saal - Hamburg,سفارة لبنان في برلين,19,جمهورية ألمانيا الاتحادية - أوروبا,ألمانيا,Germany,53.55101,10.012525
0,https://goo.gl/maps/YX2fg65xufT2,"Zinzinger Str. 9, 66117 Saarbrücken, Germany",Mercure Hotel - ساربروكن,Mercure Hotel - Saarbrucken,سفارة لبنان في برلين,20,جمهورية ألمانيا الاتحادية - أوروبا,ألمانيا,Germany,49.210365,6.965222
0,https://goo.gl/maps/vtuvLGv6egu,"Wintererstraße 89, 79104 Freiburg im Breisgau, Germany",Mercure Hotel - فرايبورغ,Mercure Hotel - Freiberg,سفارة لبنان في برلين,21,جمهورية ألمانيا الاتحادية - أوروبا,ألمانيا,Germany,48.007319,7.872185
0,https://goo.gl/maps/MHTW5kNsGJ42,"Place de l'Hôtel de ville, 80000 Amiens, France",Mairie d'Amiens - أميان,Mairie d'Amiens,سفارة لبنان في باريس + قنصلية لبنان في مارسيليا,1,الجمهورية الفرنسية - أوروبا,فرنسا,France,49.894285,2.295795
0,https://goo.gl/maps/A4UFoQaE8T32,"12-14 Boulevard Leon Feix, 95100 Argenteuil",Mairie d'Argenteuil - أرجنتوي,Mairie d'Argenteuil ,سفارة لبنان في باريس + قنصلية لبنان في مارسيليا,2,الجمهورية الفرنسية - أوروبا,فرنسا,France,48.947807,2.248792
0,https://goo.gl/maps/Nh441bY6Cxv,"Place Pey Berland, 33000 Bordeaux",Mairie de Bordeaux - بوردو,Mairie de Bordeaux,سفارة لبنان في باريس + قنصلية لبنان في مارسيليا,3,الجمهورية الفرنسية - أوروبا,فرنسا,France,44.838279,-0.579814
24 - 15,https://goo.gl/maps/PSmB5JSB1842,"26 Avenue André Morizet, 92100 Boulogne-Billancourt, France",Mairie de Boulogne - بولون-بيانكور Billancourt,Mairie de Boulogne Billancourt,سفارة لبنان في باريس + قنصلية لبنان في مارسيليا,4,الجمهورية الفرنسية - أوروبا,فرنسا,France,48.835954,2.240524
18 -23-12-14,https://goo.gl/maps/PSmB5JSB1842,"26 Avenue André Morizet, 92100 Boulogne-Billancourt, France",Mairie de Boulogne - بولون-بيانكور Billancourt,Mairie de Boulogne Billancourt,سفارة لبنان في باريس + قنصلية لبنان في مارسيليا,5,الجمهورية الفرنسية - أوروبا,فرنسا,France,48.835954,2.240524
19 -26-10-25,https://goo.gl/maps/GVQoWDs1Fd32,"123 Avenue de Malakoff, 75116 Paris",باريس - مبنى القنصلية,Paris - consulate building,سفارة لبنان في باريس + قنصلية لبنان في مارسيليا,6,الجمهورية الفرنسية - أوروبا,فرنسا,France,48.874046,2.283974
11-9-13-17,https://goo.gl/maps/GVQoWDs1Fd32,"123 Avenue de Malakoff, 75116 Paris",باريس - مبنى القنصلية,Paris - consulate building,سفارة لبنان في باريس + قنصلية لبنان في مارسيليا,7,الجمهورية الفرنسية - أوروبا,فرنسا,France,48.874046,2.283974
16,https://goo.gl/maps/6dt1CxxevsB2,"2 Place de l'Hôtel de ville, 92400 Courbevoie, France",Mairie de Courbevoie - كوربفوا,Mairie de Courbevoie,سفارة لبنان في باريس + قنصلية لبنان في مارسيليا,8,الجمهورية الفرنسية - أوروبا,فرنسا,France,48.895529,2.25523
21 -22,https://goo.gl/maps/6dt1CxxevsB2,"3 Place de l'Hôtel de ville, 92400 Courbevoie, France",Mairie de Courbevoie - كوربفوا,Mairie de Courbevoie,سفارة لبنان في باريس + قنصلية لبنان في مارسيليا,9,الجمهورية الفرنسية - أوروبا,فرنسا,France,48.895529,2.25523
0,https://goo.gl/maps/NXYWKKKriUF2,"Rue Augustin Laurent, 59033 Lille, France",Mairie de Lille - ليل,Mairie de Lille,سفارة لبنان في باريس + قنصلية لبنان في مارسيليا,10,الجمهورية الفرنسية - أوروبا,فرنسا,France,50.630699,3.070912
16-21-22-1-2-19-25-26-10-9-11-13-17,https://goo.gl/maps/rU5tfEwCSfy,"1 Place de la Comedie, 69001 Lyon",Mairie de Lyon - ليون,Mairie de Lyon,سفارة لبنان في باريس + قنصلية لبنان في مارسيليا,11,الجمهورية الفرنسية - أوروبا,فرنسا,France,45.767692,4.835365
15 -24-18-12-14-23-6-8-4-3-5-7,https://goo.gl/maps/rU5tfEwCSfy,"1 Place de la Comedie, 69001 Lyon",Mairie de Lyon - ليون,Mairie de Lyon,سفارة لبنان في باريس + قنصلية لبنان في مارسيليا,12,الجمهورية الفرنسية - أوروبا,فرنسا,France,45.767692,4.835365
8,https://goo.gl/maps/Ce9GXiJMzjz,"31 Rue Peclet, 75015 Paris",Mairie du 15e arrondissement - باريس,Mairie du 15e arrondissement - Paris,سفارة لبنان في باريس + قنصلية لبنان في مارسيليا,13,الجمهورية الفرنسية - أوروبا,فرنسا,France,48.841504,2.300163
6,https://goo.gl/maps/Ce9GXiJMzjz,"31 Rue Peclet, 75015 Paris",Mairie du 15e arrondissement - باريس,Mairie du 15e arrondissement - Paris,سفارة لبنان في باريس + قنصلية لبنان في مارسيليا,14,الجمهورية الفرنسية - أوروبا,فرنسا,France,48.841504,2.300163
4,https://goo.gl/maps/Ce9GXiJMzjz,"31 Rue Peclet, 75015 Paris",Mairie du 15e arrondissement - باريس,Mairie du 15e arrondissement - Paris,سفارة لبنان في باريس + قنصلية لبنان في مارسيليا,15,الجمهورية الفرنسية - أوروبا,فرنسا,France,48.841504,2.300163
5,https://goo.gl/maps/dZbMziwRh2y,"21 Place du Pantheon, 75005 Paris",Mairie du 5e arrondissement - باريس,Mairie du 5e arrondissement - Paris,سفارة لبنان في باريس + قنصلية لبنان في مارسيليا,16,الجمهورية الفرنسية - أوروبا,فرنسا,France,48.846369,2.344544
7,https://goo.gl/maps/dZbMziwRh2y,"21 Place du Pantheon, 75005 Paris",Mairie du 5e arrondissement - باريس,Mairie du 5e arrondissement - Paris,سفارة لبنان في باريس + قنصلية لبنان في مارسيليا,17,الجمهورية الفرنسية - أوروبا,فرنسا,France,48.846369,2.344544
3,https://goo.gl/maps/dZbMziwRh2y,"21 Place du Pantheon, 75005 Paris",Mairie du 5e arrondissement - باريس,Mairie du 5e arrondissement - Paris,سفارة لبنان في باريس + قنصلية لبنان في مارسيليا,18,الجمهورية الفرنسية - أوروبا,فرنسا,France,48.846369,2.344544
0,https://goo.gl/maps/RYovZDhGKM92,"2 Avenue du Parc Borély, 13008 Marseille, France",مرسيليا - مبنى القنصلية العامة,Marseille - consulate general building,سفارة لبنان في باريس + قنصلية لبنان في مارسيليا,19,الجمهورية الفرنسية - أوروبا,فرنسا,France,43.262997,5.377994
0,https://goo.gl/maps/Y532mQxdPrn,"1 Place d'Armes, 57000 Metz",Mairie de Metz - ميتز,Mairie de Metz,سفارة لبنان في باريس + قنصلية لبنان في مارسيليا,20,الجمهورية الفرنسية - أوروبا,فرنسا,France,49.119674,6.176421
0,https://goo.gl/maps/K6ufUo8FrrN2,"1 Place Georges Frêche, 34267 Montpellier, France",Mairie de Montpellier - مونبلييه,Mairie de Montpellier,سفارة لبنان في باريس + قنصلية لبنان في مارسيليا,21,الجمهورية الفرنسية - أوروبا,فرنسا,France,43.598535,3.896919
0,https://goo.gl/maps/VKc7UpDyZ4R2,"29 Rue de Strasbourg, 44000 Nantes",Mairie de Nantes - نانت,Mairie de Nantes,سفارة لبنان في باريس + قنصلية لبنان في مارسيليا,22,الجمهورية الفرنسية - أوروبا,فرنسا,France,47.218713,-1.55376
1,https://goo.gl/maps/bf4QXqm8fb82,"96 Avenue Achille Peretti, 92200 Neuilly-sur-Seine",Mairie de Neuilly-sur -Seine نوي سور سين,Mairie de Neuilly-sur -Seine,سفارة لبنان في باريس + قنصلية لبنان في مارسيليا,23,الجمهورية الفرنسية - أوروبا,فرنسا,France,48.884958,2.2698
2,https://goo.gl/maps/bf4QXqm8fb82,"96 Avenue Achille Peretti, 92200 Neuilly-sur-Seine",Mairie de Neuilly-sur -Seine نوي سور سين,Mairie de Neuilly-sur -Seine,سفارة لبنان في باريس + قنصلية لبنان في مارسيليا,24,الجمهورية الفرنسية - أوروبا,فرنسا,France,48.884958,2.2698
0,https://goo.gl/maps/Rd84LCivyQA2,"5 Rue de l'Hôtel de ville, 06364 Nice, France",Mairie de Nice - نيس,Mairie de Nice ,سفارة لبنان في باريس + قنصلية لبنان في مارسيليا,25,الجمهورية الفرنسية - أوروبا,فرنسا,France,43.696222,7.27171
0,https://goo.gl/maps/WkD5dxyFfAF2,"1 Parc de l'Etoile, 67076 Strasbourg",Mairie de Strasbourg - ستراسبورغ,Mairie de Strasbourg ,سفارة لبنان في باريس + قنصلية لبنان في مارسيليا,26,الجمهورية الفرنسية - أوروبا,فرنسا,France,48.573463,7.752841
0,https://goo.gl/maps/QDVkmzESaa42,"1 Place du Capitole, 31000 Toulouse",Mairie de Toulouse - تولوز,Mairie de Toulouse,سفارة لبنان في باريس + قنصلية لبنان في مارسيليا,27,الجمهورية الفرنسية - أوروبا,فرنسا,France,43.604359,1.444136
0,https://goo.gl/maps/kSkWL8iabN82,"3 Rue des Minimes, 37000 Tours",Mairie de Tours - تور,Mairie de Tours,سفارة لبنان في باريس + قنصلية لبنان في مارسيليا,28,الجمهورية الفرنسية - أوروبا,فرنسا,France,47.390633,0.689328
18,https://goo.gl/maps/dYRHRyH7bkM2,"Zone 4, Rue Dr. Calmette, Abidjan",ابيدجان - المدرسة اللبنانية للتعليم,Abidjan - Lebanese school for Education,سفارة لبنان في ابيدجان,1,جمهورية الكوت ديفوار - أفريقيا,الكوت ديفوار,Ivory Cost,5.291436,-3.977253
18,https://goo.gl/maps/dYRHRyH7bkM2,"Zone 4, Rue Dr. Calmette, Abidjan",ابيدجان - المدرسة اللبنانية للتعليم,Abidjan - Lebanese school for Education,سفارة لبنان في ابيدجان,2,جمهورية الكوت ديفوار - أفريقيا,الكوت ديفوار,Ivory Cost,5.291436,-3.977253
18,https://goo.gl/maps/dYRHRyH7bkM2,"Zone 4, Rue Dr. Calmette, Abidjan",ابيدجان - المدرسة اللبنانية للتعليم,Abidjan - Lebanese school for Education,سفارة لبنان في ابيدجان,3,جمهورية الكوت ديفوار - أفريقيا,الكوت ديفوار,Ivory Cost,5.291436,-3.977253
1 - 2 - 16 - 21 - 22 - 19 - 25 - 6 - 8 - 14 -12,https://goo.gl/maps/dYRHRyH7bkM2,"Zone 4, Rue Dr. Calmette, Abidjan",ابيدجان - المدرسة اللبنانية للتعليم,Abidjan - Lebanese school for Education,سفارة لبنان في ابيدجان,4,جمهورية الكوت ديفوار - أفريقيا,الكوت ديفوار,Ivory Cost,5.291436,-3.977253
20 - 17 - 13 - 11 - 9 - 4 - 5 - 3 - 7 - 24 - 15 - 23,https://goo.gl/maps/dYRHRyH7bkM2,"Zone 4, Rue Dr. Calmette, Abidjan",ابيدجان - المدرسة اللبنانية للتعليم,Abidjan - Lebanese school for Education,سفارة لبنان في ابيدجان,5,جمهورية الكوت ديفوار - أفريقيا,الكوت ديفوار,Ivory Cost,5.291436,-3.977253
0,https://goo.gl/maps/JQD5VwRXCZ82,"Boulevard Houphouët-Boigny, San-Pédro, Côte d'Ivoire",HOtel Sophia - سان بيدرو,Hotel Sophia - San Pedro,سفارة لبنان في ابيدجان,6,جمهورية الكوت ديفوار - أفريقيا,الكوت ديفوار,Ivory Cost,4.732443,-6.626319
0,https://goo.gl/maps/E6jEf9SxTBq,"12 Usuma Street, Off Gana Street Maitama, Abuja",ابوجا - مبنى السفارة,Abuja - embassy building,سفارة لبنان في ابوجا,1,جمهورية نيجيريا الاتحادية - أفريقيا,نيجيريا,Nigeria,9.076744,7.497837
0,https://goo.gl/maps/gb9XWqPVa3K2,"47 Bompai Road, Kano",Lebanon Primary School - كانو,Lebanon Primary School - Kano,سفارة لبنان في ابوجا,2,جمهورية نيجيريا الاتحادية - أفريقيا,نيجيريا,Nigeria,12.009812,8.551654
0,https://goo.gl/maps/whkX2ZvX93A2,"Eleke Cres, Victoria Island, Lagos, Nigeria",لاغوس - مبنى القنصلية العامة,Kagos - consulate general meeting,قنصلية لبنان العامة في لاغوس,3,جمهورية نيجيريا الاتحادية - أفريقيا,نيجيريا,Nigeria,12.009812,8.551654
0,https://goo.gl/maps/8ByUGzDeJzN2,"Immeuble De La Roche, lot 58, Akpakpa",كوتونو- مبنى القنصلية الفخرية,Cotonou - honorary consulate building,سفارة لبنان في اكرا,1,جمهورية بنين - أفريقيا,بنين,Benin,6.361969,2.446375
0,https://goo.gl/maps/eg422uskZMG2,"Local 301, 302, 3eme Etage, Imm. RR house. 124, Blvd du 30 Juin",كينشاسا - مبنى السفارة,Kinshasa - embassy building,سفارة لبنان في كينشاسا,1,جمهورية الكونغو الديمقراطية - أفريقيا,جمهورية الكونغو الديمقراطية - أفريقيا,Democratic Republic of the Congo,-4.302879,15.311634
0,https://goo.gl/maps/4aU3RmjgQqv,"F864/1 Off Cantonments, Osu, Accra",أكرا - مبنى السفارة,Accra - embassy building,سفارة لبنان في اكرا,1,جمهورية غانا - أفريقيا,غانا,Ghana,5.567255,-0.182403
0,https://goo.gl/maps/PvRi4YRpvCD2,"238 Florence Ribeiro Ave. Groenkloof, Pretoria",بريتوريا - مبنى السفارة,Pretoria - embassy building,سفارة لبنان في بريتوريا,1,جمهورية جنوب أفريقيا - أفريقيا,جنوب أفريقيا,South Africa,-25.773302,28.224699
0,https://goo.gl/maps/7GmMB3CpiSJ2,"Blvd. Triomphal Omar bongo Ondimba, Libreville",ليبرفيل - مبنى السفارة,Libreville - embassy building,سفارة لبنان في ليبرفيل,1,الجمهورية الغابونية - أفريقيا,الغابون,Gabon,0.41438,9.44694
0,https://goo.gl/maps/FvKr5rCPGxM2,"Rue de commerce - Kaloum Imm. No 748, Conakry",كوناكري - مبنى السفارة,Conakry - embassy building,سفارة لبنان في كوناكري,1,جمهورية غينيا - أفريقيا,غينيا,Guinea,9.510661,-13.714783
0,https://goo.gl/maps/vsyGaCiBW1z,"Sinkor 12th Street, Corner Warner Ave., Monrovia",منروفيا - مبنى السفارة,Monrovia - embassy building,سفارة لبنان في منروفيا,1,جمهورية ليبيريا - أفريقيا,ليبيريا,Liberia,6.292265,-10.782522
0,https://goo.gl/maps/viiejLzZhoD2,"57 Spur Road, Wilberforce, Freetown",فريتاون - مبنى السفارة,Freetown - embassy building,سفارة لبنان في فريتاون,1,جمهورية سيراليون - أفريقيا,سيراليون,Sierra Leone,8.463033,-13.269594
0,https://goo.gl/maps/Q7z45UBN9WT2,"22 El Mansour Mohamed Street, Zamalek, Cairo",القاهرة - مبنى السفارة,Cairo - embassy building,سفارة لبنان في القاهرة,1,جمهورية مصر العربية - أفريقيا,مصر,Egypt,30.066744,31.22109
0,https://goo.gl/maps/F2KXBwNjuKr,"56 Ave. Jean XXIII, Dakar",دكار - مبنى السفارة,Dakkar - embassy building,سفارة لبنان في دكار,1,جمهورية السنغال - أفريقيا,السنغال,Senegal,14.665588,-17.438665
0,https://goo.gl/maps/TZKYQihUCb42, S.E.S Avenida Das Nacoes Quadra 805 - Lote 17,برازيليا - مبنى السفارة,Brasilia - embassy building,سفارة لبنان في برازيليا,1,الجمهورية الاتحادية البرازيلية - أمريكا اللاتينية,البرازيل,Brazil,-15.814588,-47.883205
21,https://goo.gl/maps/FWYPz2B6C232,"Ave. Paulista, 688, 16e Andar, Bela Vista, Sgo Paulo",ساو باولو - مبنى القنصلية العامة,Sao Paulo - consulate generabl building,قنصلية لبنان العامة في ساو باولو,2,الجمهورية الاتحادية البرازيلية - أمريكا اللاتينية,البرازيل,Brazil,-23.566885,-46.649546
21,https://goo.gl/maps/FWYPz2B6C232,"Ave. Paulista, 688, 16e Andar, Bela Vista, Sgo Paulo",ساو باولو - مبنى القنصلية العامة,Sao Paulo - consulate generabl building,قنصلية لبنان العامة في ساو باولو,3,الجمهورية الاتحادية البرازيلية - أمريكا اللاتينية,البرازيل,Brazil,-23.566885,-46.649546
1 - 2 - 24 - 15 - 18 - 20 - 14 -12 - 23 - 16,https://goo.gl/maps/FWYPz2B6C232,"Ave. Paulista, 688, 16e Andar, Bela Vista, Sgo Paulo",ساو باولو - مبنى القنصلية العامة,Sao Paulo - consulate generabl building,قنصلية لبنان العامة في ساو باولو,4,الجمهورية الاتحادية البرازيلية - أمريكا اللاتينية,البرازيل,Brazil,-23.566885,-46.649546
22 - 19 - 25 - 26- 10 - 17 -13 - 11 - 9 - 6 - 8 - 4 - 5 -3 - 7,https://goo.gl/maps/FWYPz2B6C232,"Ave. Paulista, 688, 16e Andar, Bela Vista, Sgo Paulo",ساو باولو - مبنى القنصلية العامة,Sao Paulo - consulate generabl building,قنصلية لبنان العامة في ساو باولو,5,الجمهورية الاتحادية البرازيلية - أمريكا اللاتينية,البرازيل,Brazil,-23.566885,-46.649546
0,https://goo.gl/maps/aaaGzsaRSyB2,"Rua Almirante Barroso, 2006 Centro - Foz do Iguacu",Golden Park - فوز دو إيغواسو Internationl Hotel,Hotel Golden Park Internacional Foz do Iguaçu,قنصلية لبنان العامة في ساو باولو,6,الجمهورية الاتحادية البرازيلية - أمريكا اللاتينية,البرازيل,Brazil,-25.537323,-54.58416
0,https://goo.gl/maps/kfcsHDbfpx52,"San Francisco 629 e/ Republica Siria y Juan de Salazar, Asuncion",أسونسيون - مبنى السفارة,Asuncion - embassy building,سفارة لبنان في أسونسيون,1,جمهورية باراغواي - أمريكا اللاتينية,باراغواي,Paraguay,-25.286457,-57.603093
23,https://goo.gl/maps/pzWi1L8rc1D2,"Calle Curupayty e/ Teniente Cabello y CaRada del Carmen, Ciudad del Este",Centro Educacional - سيوداد دل إستي Libanes del Paraguay,Centro Educacional - Libanes del Paraguay Ciudad del Este,سفارة لبنان في أسونسيون,2,جمهورية باراغواي - أمريكا اللاتينية,باراغواي,Paraguay,-25.521489,-54.609474
4 -12 - 5 - 14 - 2 - 6 - 15 - 16 - 18 - 7 - 19 - 20 -21 - 22 - 8 - 25,https://goo.gl/maps/pzWi1L8rc1D2,"Calle Curupayty e/ Teniente Cabello y CaRada del Carmen, Ciudad del Este",Centro Educacional - سيوداد دل إستي Libanes del Paraguay,Centro Educacional - Libanes del Paraguay Ciudad del Este,سفارة لبنان في أسونسيون,3,جمهورية باراغواي - أمريكا اللاتينية,باراغواي,Paraguay,-25.521489,-54.609474
0,https://goo.gl/maps/Jom2tf13QFK2,"Calle 74 No 11-88, Bogota",بوغوتا - مبنى السفارة,Bogota -embassy building,سفارة لبنان في بوغوتا,1,جمهورية كولومبيا - أمريكا اللاتينية,كولومبيا,Colombia,4.65994,-74.058661
0,https://goo.gl/maps/x8Mb1ncGho32,"Ave. del Libertador 2354, Buenos Aires",بوينس آيرس - مبنى السفارة,Buenos Aires - embassy building,سفارة لبنان في بوينس آيرس,1,جمهورية الأرجنتين - أمريكا اللاتينية,الأرجنتين,Argentina,-34.58018,-58.405057
1 - 2 - 15 - 18 - 14 - 23 - 6 - 8 - 4 - 5 -3 - 7 - 19 - 25 - 10,https://goo.gl/maps/9HWTJVDZC2T2,"Ave. Parima, Edificio Embajada del Libano, Colinas de Bello Monte, Caracas",كراكاس - مبنى السفارة,Caracas - embassy building,سفارة لبنان في كراكاس,1,الجمهورية البوليفارية الفنزويلية - أمريكا اللاتينية,فنزويلا,Venezuela,10.48723,-66.87791
21,https://goo.gl/maps/9HWTJVDZC2T2,"Ave. Parima, Edificio Embajada del Libano, Colinas de Bello Monte, Caracas",كراكاس - مبنى السفارة,Caracas - embassy building,سفارة لبنان في كراكاس,2,الجمهورية البوليفارية الفنزويلية - أمريكا اللاتينية,فنزويلا,Venezuela,10.48723,-66.87791
21 - 22 - 16 - 13 - 11 - 9,https://goo.gl/maps/9HWTJVDZC2T2,"Ave. Parima, Edificio Embajada del Libano, Colinas de Bello Monte, Caracas",كراكاس - مبنى السفارة,Caracas - embassy building,سفارة لبنان في كراكاس,3,الجمهورية البوليفارية الفنزويلية - أمريكا اللاتينية,فنزويلا,Venezuela,10.48723,-66.87791
17,https://goo.gl/maps/9HWTJVDZC2T2,"Ave. Parima, Edificio Embajada del Libano, Colinas de Bello Monte, Caracas",كراكاس - مبنى السفارة,Caracas - embassy building,سفارة لبنان في كراكاس,4,الجمهورية البوليفارية الفنزويلية - أمريكا اللاتينية,فنزويلا,Venezuela,10.48723,-66.87791
0,https://goo.gl/maps/AcAv71dmZbS2,"Julio Verne No 8, Colonia Polanco Delegation Miguel Hidalgo Ciudad de Mexico",مكسيكو- مبنى السفارة,Mexico - embassy building,سفارة لبنان في مكسيكو,1,الولايات المتحدة المكسيكية - أمريكا اللاتينية,المكسيك,Mexico,19.427314,-99.197674
0,https://goo.gl/maps/LRcPs94MVzK2,"Route de Chauvel, Pointe-3-Pitre",Mairie de Pointe-a-Pitre,Mairie de Pointe-a-Pitre,سفارة لبنان في باريس,1,جزيرة غوادلوب - أمريكا اللاتينية,غوادلوب,Guadeloupe,16.240941,-61.533513
1 - 2 - 5,https://goo.gl/maps/ggwTtwrPPnx,الحي الدبلوماسي - شارع ابو بكر الكرخي -الرياض 11693,الرياض - مبنى السفارة,Riyadh - embassy building,سفارة لبنان في الرياض,1,المملكة العربية السعودية - آسيا,السعودية,Saudi Arabia,24.677678,46.62725
24 - 15 - 18 - 20 - 14 -12 -21 - 23,https://goo.gl/maps/ggwTtwrPPnx,الحي الدبلوماسي - شارع ابو بكر الكرخي -الرياض 11693,الرياض - مبنى السفارة,Riyadh - embassy building,سفارة لبنان في الرياض,2,المملكة العربية السعودية - آسيا,السعودية,Saudi Arabia,24.677678,46.62725
16 - 19 - 25 - 26- 10,https://goo.gl/maps/ggwTtwrPPnx,الحي الدبلوماسي - شارع ابو بكر الكرخي -الرياض 11693,الرياض - مبنى السفارة,Riyadh - embassy building,سفارة لبنان في الرياض,3,المملكة العربية السعودية - آسيا,السعودية,Saudi Arabia,24.677678,46.62725
11 - 17 - 13 - 9 - 6 - 8 - 4,https://goo.gl/maps/ggwTtwrPPnx,الحي الدبلوماسي - شارع ابو بكر الكرخي -الرياض 11693,الرياض - مبنى السفارة,Riyadh - embassy building,سفارة لبنان في الرياض,4,المملكة العربية السعودية - آسيا,السعودية,Saudi Arabia,24.677678,46.62725
3 - 7 - 22,https://goo.gl/maps/ggwTtwrPPnx,الحي الدبلوماسي - شارع ابو بكر الكرخي -الرياض 11693,الرياض - مبنى السفارة,Riyadh - embassy building,سفارة لبنان في الرياض,5,المملكة العربية السعودية - آسيا,السعودية,Saudi Arabia,24.677678,46.62725
1 - 2 - 24 - 20 - 15 - 18,https://goo.gl/maps/srRe5qT9ato,شاع إلرهيم العنقري - المحمدية - جدة,جدة - مبنى القنصلية العامة,Jeddah - Riyadh - embassy building,قنصلية لبنان العامة في جدة,6,المملكة العربية السعودية - آسيا,السعودية,Saudi Arabia,21.646705,39.113722
14 -12 - 23 - 16 - 21 - 22 - 6 - 8 - 4 - 5 -3 - 7,https://goo.gl/maps/srRe5qT9ato,شاع إلرهيم العنقري - المحمدية - جدة,جدة - مبنى القنصلية العامة,Jeddah - Riyadh - embassy building,قنصلية لبنان العامة في جدة,7,المملكة العربية السعودية - آسيا,السعودية,Saudi Arabia,21.646705,39.113722
19 - 25 - 26- 10 - 17 - 13 - 11 - 9,https://goo.gl/maps/srRe5qT9ato,شاع إلرهيم العنقري - المحمدية - جدة,جدة - مبنى القنصلية العامة,Jeddah - Riyadh - embassy building,قنصلية لبنان العامة في جدة,8,المملكة العربية السعودية - آسيا,السعودية,Saudi Arabia,21.646705,39.113722
1 - 2 - 24 - 15 - 18 - 20 - 14 -12 - 23 - 22 - 21 - 16,https://goo.gl/maps/rV9jXG69tco,Rashid bin Saeed Al Maktoum Road,أبو ظبي - مبنى السفارة,Abu Dhabi - embassy building,سفارة لبنان في أبو ظبي,1,دولة الإمارات العربية المتحدة - آسيا,الإمارات العربية المتحدة,UAE,24.424253,54.430469
19 - 25 - 26- 10 - 17 - 13 - 11 -9 - 6 - 8,https://goo.gl/maps/rV9jXG69tco,Rashid bin Saeed Al Maktoum Road,أبو ظبي - مبنى السفارة,Abu Dhabi - embassy building,سفارة لبنان في أبو ظبي,2,دولة الإمارات العربية المتحدة - آسيا,الإمارات العربية المتحدة,UAE,24.424253,54.430469
5 - 3 - 7 - 4,https://goo.gl/maps/rV9jXG69tco,Rashid bin Saeed Al Maktoum Road,أبو ظبي - مبنى السفارة,Abu Dhabi - embassy building,سفارة لبنان في أبو ظبي,3,دولة الإمارات العربية المتحدة - آسيا,الإمارات العربية المتحدة,UAE,24.424253,54.430469
1 - 24 - 15 -12,https://goo.gl/maps/3d3XKNwV5nQ2,"3rd St., Consulate Area, Bur Dubai, Dubai",دبي - مبنى القنصلية العامة,Dubai - consulate general building,قنصلية لبنان العامة في دبي,4,دولة الإمارات العربية المتحدة - آسيا,الإمارات العربية المتحدة,UAE,25.255924,55.309728
2,https://goo.gl/maps/3d3XKNwV5nQ2,"3rd St., Consulate Area, Bur Dubai, Dubai",دبي - مبنى القنصلية العامة,Dubai - consulate general building,قنصلية لبنان العامة في دبي,5,دولة الإمارات العربية المتحدة - آسيا,الإمارات العربية المتحدة,UAE,25.255924,55.309728
16 - 21 - 22,https://goo.gl/maps/3d3XKNwV5nQ2,"3rd St., Consulate Area, Bur Dubai, Dubai",دبي - مبنى القنصلية العامة,Dubai - consulate general building,قنصلية لبنان العامة في دبي,6,دولة الإمارات العربية المتحدة - آسيا,الإمارات العربية المتحدة,UAE,25.255924,55.309728
19 - 25 - 26- 10,https://goo.gl/maps/3d3XKNwV5nQ2,"3rd St., Consulate Area, Bur Dubai, Dubai",دبي - مبنى القنصلية العامة,Dubai - consulate general building,قنصلية لبنان العامة في دبي,7,دولة الإمارات العربية المتحدة - آسيا,الإمارات العربية المتحدة,UAE,25.255924,55.309728
17 -13-11-9,https://goo.gl/maps/3d3XKNwV5nQ2,"3rd St., Consulate Area, Bur Dubai, Dubai",دبي - مبنى القنصلية العامة,Dubai - consulate general building,قنصلية لبنان العامة في دبي,8,دولة الإمارات العربية المتحدة - آسيا,الإمارات العربية المتحدة,UAE,25.255924,55.309728
23 -6-8,https://goo.gl/maps/3d3XKNwV5nQ2,"3rd St., Consulate Area, Bur Dubai, Dubai",دبي - مبنى القنصلية العامة,Dubai - consulate general building,قنصلية لبنان العامة في دبي,9,دولة الإمارات العربية المتحدة - آسيا,الإمارات العربية المتحدة,UAE,25.255924,55.309728
4,https://goo.gl/maps/3d3XKNwV5nQ2,"3rd St., Consulate Area, Bur Dubai, Dubai",دبي - مبنى القنصلية العامة,Dubai - consulate general building,قنصلية لبنان العامة في دبي,10,دولة الإمارات العربية المتحدة - آسيا,الإمارات العربية المتحدة,UAE,25.255924,55.309728
5,https://goo.gl/maps/3d3XKNwV5nQ2,"3rd St., Consulate Area, Bur Dubai, Dubai",دبي - مبنى القنصلية العامة,Dubai - consulate general building,قنصلية لبنان العامة في دبي,11,دولة الإمارات العربية المتحدة - آسيا,الإمارات العربية المتحدة,UAE,25.255924,55.309728
14 -3,https://goo.gl/maps/3d3XKNwV5nQ2,"3rd St., Consulate Area, Bur Dubai, Dubai",دبي - مبنى القنصلية العامة,Dubai - consulate general building,قنصلية لبنان العامة في دبي,12,دولة الإمارات العربية المتحدة - آسيا,الإمارات العربية المتحدة,UAE,25.255924,55.309728
18 -24-7,https://goo.gl/maps/3d3XKNwV5nQ2,"3rd St., Consulate Area, Bur Dubai, Dubai",دبي - مبنى القنصلية العامة,Dubai - consulate general building,قنصلية لبنان العامة في دبي,13,دولة الإمارات العربية المتحدة - آسيا,الإمارات العربية المتحدة,UAE,25.255924,55.309728
0,https://goo.gl/maps/Q7MEce1UXkv,"Yerevan, Dzoragyugh Azgagrakan 14",بريفان - مبنى السفارة,Yerevan - emassy building,سفارة لبنان في بريفان,1,جمهورية أرمينيا - آسيا,أرمينيا,Armenia,40.179048,44.500266
0,https://goo.gl/maps/ukUv6nm8EzP2,شاطىء القرم - شاع رقم 3019 - 118 مجمع الحارئى - مسقط,مسقط - مبنى السفارة,Oman - embassy building,سفارة لبنان في مسقط,1,سلطنة عمان - آسيا,عمان,Oman,23.601774,58.445752
6 -8-4-5,https://goo.gl/maps/jq1NYQM1YUp,الدعية - الحي الدبلوماسي - شاع اليمن -القطعة رقم 5 - الكويت,الكويت - مبنى السفارة,Kuwait - embassy building,سفارة لبنان في الكويت,1,دولة الكويت - آسيا,الكويت,Kuwait,29.364029,48.017445
3 -7,https://goo.gl/maps/jq1NYQM1YUp,الدعية - الحي الدبلوماسي - شاع اليمن -القطعة رقم 5 - الكويت,الكويت - مبنى السفارة,Kuwait - embassy building,سفارة لبنان في الكويت,2,دولة الكويت - آسيا,الكويت,Kuwait,29.364029,48.017445
16 -21-22-19-25-17-13-11-9,https://goo.gl/maps/jq1NYQM1YUp,الدعية - الحي الدبلوماسي - شاع اليمن -القطعة رقم 5 - الكويت,الكويت - مبنى السفارة,Kuwait - embassy building,سفارة لبنان في الكويت,3,دولة الكويت - آسيا,الكويت,Kuwait,29.364029,48.017445
1 - 2 - 24 - 15 - 26- 10,https://goo.gl/maps/jq1NYQM1YUp,الدعية - الحي الدبلوماسي - شاع اليمن -القطعة رقم 5 - الكويت,الكويت - مبنى السفارة,Kuwait - embassy building,سفارة لبنان في الكويت,4,دولة الكويت - آسيا,الكويت,Kuwait,29.364029,48.017445
1 - 2 - 15 - 18 - 14 -12 - 23 - 24 - 20,https://goo.gl/maps/ap7dVxHWKRr,"Al Haditha Area 63, United Nations Street, Villa No 5",الدوحة - مبنى السفارة,Doha - embassy building,سفارة لبنان في الدوحة,1,دولة قطر - آسيا,قطر,Qatar,25.343473,51.517891
16 -21-22-19-4,https://goo.gl/maps/ap7dVxHWKRr,"Al Haditha Area 63, United Nations Street, Villa No 5",الدوحة - مبنى السفارة,Doha - embassy building,سفارة لبنان في الدوحة,2,دولة قطر - آسيا,قطر,Qatar,25.343473,51.517891
17 - 13 - 11 - 9 - 6 - 8 - 25- 26-10,https://goo.gl/maps/ap7dVxHWKRr,"Al Haditha Area 63, United Nations Street, Villa No 5",الدوحة - مبنى السفارة,Doha - embassy building,سفارة لبنان في الدوحة,3,دولة قطر - آسيا,قطر,Qatar,25.343473,51.517891
5 -3-7,https://goo.gl/maps/ap7dVxHWKRr,"Al Haditha Area 63, United Nations Street, Villa No 5",الدوحة - مبنى السفارة,Doha - embassy building,سفارة لبنان في الدوحة,4,دولة قطر - آسيا,قطر,Qatar,25.343473,51.517891
0,https://goo.gl/maps/8cMoiiEY6ZS2,"Suite 1, 1st Floor, 146 Scotts Road, Darra, Brisbane QLD 4076",بريسباين - مبنى القنصلية الفخرية,Brisbane - honorary consulate building,سفارة لبنان في كانبيرا,1,كومنولث أستراليا - أستراليا,أستراليا,Australia,-27.566527,152.953
0,https://goo.gl/maps/GbCRwnEwSz52,"Unit 1, 459 Morphette St., Adelaide, SA 5000",اديلايد - مبنى القنصلية الفخرية,Adelaide - honorary consulate building,سفارة لبنان في كانبيرا,2,كومنولث أستراليا - أستراليا,أستراليا,Australia,-34.93526,138.594052
0,https://goo.gl/maps/kyMpdSUA7kx,"7A Kitchener St., North Beach, Perth WA 6020",Stirling Community Centres - بيرث,Perth - Stirling Community Centres,سفارة لبنان في كانبيرا,3,كومنولث أستراليا - أستراليا,أستراليا,Australia,-31.86315,115.759752
1 - 2 - 24 - 20 - 15 -18 - 14 -12 - 23 - 16 -21 - 22,https://goo.gl/maps/zJa1XHFE57t,"L2, 47 Wellington St., St. Kilda, VIC 3182",ملبورن - مبنى القنصلية العامة,Melbourne - consulate general building,قنصلية لبنان العامة في ملبورن,4,كومنولث أستراليا - أستراليا,أستراليا,Australia,-37.856448,144.985856
19,https://goo.gl/maps/zJa1XHFE57t,"L2, 47 Wellington St., St. Kilda, VIC 3182",ملبورن - مبنى القنصلية العامة,Melbourne - consulate general building,قنصلية لبنان العامة في ملبورن,5,كومنولث أستراليا - أستراليا,أستراليا,Australia,-37.856448,144.985856
19,https://goo.gl/maps/zJa1XHFE57t,"L2, 47 Wellington St., St. Kilda, VIC 3182",ملبورن - مبنى القنصلية العامة,Melbourne - consulate general building,قنصلية لبنان العامة في ملبورن,6,كومنولث أستراليا - أستراليا,أستراليا,Australia,-37.856448,144.985856
25 - 26- 10 - 11,https://goo.gl/maps/zJa1XHFE57t,"L2, 47 Wellington St., St. Kilda, VIC 3182",ملبورن - مبنى القنصلية العامة,Melbourne - consulate general building,قنصلية لبنان العامة في ملبورن,7,كومنولث أستراليا - أستراليا,أستراليا,Australia,-37.856448,144.985856
17 - 13,https://goo.gl/maps/zJa1XHFE57t,"L2, 47 Wellington St., St. Kilda, VIC 3182",ملبورن - مبنى القنصلية العامة,Melbourne - consulate general building,قنصلية لبنان العامة في ملبورن,8,كومنولث أستراليا - أستراليا,أستراليا,Australia,-37.856448,144.985856
9 - 6 - 8 - 4 - 5 - 3 - 7,https://goo.gl/maps/zJa1XHFE57t,"L2, 47 Wellington St., St. Kilda, VIC 3182",ملبورن - مبنى القنصلية العامة,Melbourne - consulate general building,قنصلية لبنان العامة في ملبورن,9,كومنولث أستراليا - أستراليا,أستراليا,Australia,-37.856448,144.985856
9,https://goo.gl/maps/BmzMT3CBkBD2,"142 Highclere Ave., Punchbowl",دير مار شربل - Punchbowl,Saint Charbel Monastry - Punchbowl,قنصلية لبنان العامة في سدني,10,كومنولث أستراليا - أستراليا,أستراليا,Australia,-33.917849,151.056463
9,https://goo.gl/maps/BmzMT3CBkBD2,"142 Highclere Ave., Punchbowl",دير مار شربل - Punchbowl,Saint Charbel Monastry - Punchbowl,قنصلية لبنان العامة في سدني,11,كومنولث أستراليا - أستراليا,أستراليا,Australia,-33.917849,151.056463
14 - 6 - 8,https://goo.gl/maps/BmzMT3CBkBD2,"142 Highclere Ave., Punchbowl",دير مار شربل - Punchbowl,Saint Charbel Monastry - Punchbowl,قنصلية لبنان العامة في سدني,12,كومنولث أستراليا - أستراليا,أستراليا,Australia,-33.917849,151.056463
16 - 4,https://goo.gl/maps/BmzMT3CBkBD2,"142 Highclere Ave., Punchbowl",دير مار شربل - Punchbowl,Saint Charbel Monastry - Punchbowl,قنصلية لبنان العامة في سدني,13,كومنولث أستراليا - أستراليا,أستراليا,Australia,-33.917849,151.056463
1 - 2 - 5 - 7,https://goo.gl/maps/BmzMT3CBkBD2,"142 Highclere Ave., Punchbowl",دير مار شربل - Punchbowl,Saint Charbel Monastry - Punchbowl,قنصلية لبنان العامة في سدني,14,كومنولث أستراليا - أستراليا,أستراليا,Australia,-33.917849,151.056463
17,https://goo.gl/maps/Mmch6grEEy52,"23-25 Alice St., Harris Park",معهد العائلة المقدسة - Harris Park,Our Lady of Lebanon Co-Cathedral - Harris Park,قنصلية لبنان العامة في سدني,15,كومنولث أستراليا - أستراليا,أستراليا,Australia,-33.82029,151.014829
17,https://goo.gl/maps/Mmch6grEEy52,"23-25 Alice St., Harris Park",معهد العائلة المقدسة - Harris Park,Our Lady of Lebanon Co-Cathedral - Harris Park,قنصلية لبنان العامة في سدني,16,كومنولث أستراليا - أستراليا,أستراليا,Australia,-33.82029,151.014829
17,https://goo.gl/maps/Mmch6grEEy52,"23-25 Alice St., Harris Park",معهد العائلة المقدسة - Harris Park,Our Lady of Lebanon Co-Cathedral - Harris Park,قنصلية لبنان العامة في سدني,17,كومنولث أستراليا - أستراليا,أستراليا,Australia,-33.82029,151.014829
17,https://goo.gl/maps/Mmch6grEEy52,"23-25 Alice St., Harris Park",معهد العائلة المقدسة - Harris Park,Our Lady of Lebanon Co-Cathedral - Harris Park,قنصلية لبنان العامة في سدني,18,كومنولث أستراليا - أستراليا,أستراليا,Australia,-33.82029,151.014829
17,https://goo.gl/maps/Mmch6grEEy52,"23-25 Alice St., Harris Park",معهد العائلة المقدسة - Harris Park,Our Lady of Lebanon Co-Cathedral - Harris Park,قنصلية لبنان العامة في سدني,19,كومنولث أستراليا - أستراليا,أستراليا,Australia,-33.82029,151.014829
13,https://goo.gl/maps/Meg76zQmTcE2,"86 Waterloo Rd., Greenacre",مطرانية الكاثوليك الملكية - Greenacre,Melkite Catholic Eparchy - Greenacre,قنصلية لبنان العامة في سدني,20,كومنولث أستراليا - أستراليا,أستراليا,Australia,-33.911109,151.056348
13,https://goo.gl/maps/Meg76zQmTcE2,"86 Waterloo Rd., Greenacre",مطرانية الكاثوليك الملكية - Greenacre,Melkite Catholic Eparchy - Greenacre,قنصلية لبنان العامة في سدني,21,كومنولث أستراليا - أستراليا,أستراليا,Australia,-33.911109,151.056348
13,https://goo.gl/maps/Meg76zQmTcE2,"86 Waterloo Rd., Greenacre",مطرانية الكاثوليك الملكية - Greenacre,Melkite Catholic Eparchy - Greenacre,قنصلية لبنان العامة في سدني,22,كومنولث أستراليا - أستراليا,أستراليا,Australia,-33.911109,151.056348
25,https://goo.gl/maps/64CbBmSHmL32,"40 Hector St., Chester Hill",كلية السلامة - Chester Hill,Salamah College - Chester Hill,قنصلية لبنان العامة في سدني,23,كومنولث أستراليا - أستراليا,أستراليا,Australia,-33.875988,151.006024
25,https://goo.gl/maps/64CbBmSHmL32,"40 Hector St., Chester Hill",كلية السلامة - Chester Hill,Salamah College - Chester Hill,قنصلية لبنان العامة في سدني,24,كومنولث أستراليا - أستراليا,أستراليا,Australia,-33.875988,151.006024
21 - 22,https://goo.gl/maps/7amd2BwWbwE2,"259-261 Guildford Rd., Guildford",الرابطة الدرزية الاسترالية - Guildford,Druze-Australian Association - Guilford,قنصلية لبنان العامة في سدني,25,كومنولث أستراليا - أستراليا,أستراليا,Australia,-33.854227,150.988619
26,https://goo.gl/maps/eaSWv3H3wtK2,"71-75 Wangee Rd., Lakemba",مببى المعهد الشرعي - Lakemba,Lakemba - Lebanese Muslim Association building,قنصلية لبنان العامة في سدني,26,كومنولث أستراليا - أستراليا,أستراليا,Australia,-33.912128,151.07366
26,https://goo.gl/maps/eaSWv3H3wtK2,"71-75 Wangee Rd., Lakemba",مببى المعهد الشرعي - Lakemba,Lakemba - Lebanese Muslim Association building,قنصلية لبنان العامة في سدني,27,كومنولث أستراليا - أستراليا,أستراليا,Australia,-33.912128,151.07366
10,https://goo.gl/maps/eaSWv3H3wtK2,"71-75 Wangee Rd., Lakemba",مببى المعهد الشرعي - Lakemba,Lakemba - Lebanese Muslim Association building,قنصلية لبنان العامة في سدني,28,كومنولث أستراليا - أستراليا,أستراليا,Australia,-33.912128,151.07366
11,https://goo.gl/maps/SEDVSGbLvTs,"11 Henry St., Punchbowl",كنيسة مار نقولا - Punchbowl,St. Nicholas Church - Punchbowl,قنصلية لبنان العامة في سدني,29,كومنولث أستراليا - أستراليا,أستراليا,Australia,-33.922207,151.054409
19,https://goo.gl/maps/SEDVSGbLvTs,"11 Henry St., Punchbowl",كنيسة مار نقولا - Punchbowl,St. Nicholas Church - Punchbowl,قنصلية لبنان العامة في سدني,30,كومنولث أستراليا - أستراليا,أستراليا,Australia,-33.922207,151.054409
24 - 15 - 18- 20 -12 - 23,https://goo.gl/maps/WmBQ6BZuBTu,"318 Princes Highway, Banksia",مجمع الامام موسى الصدر - Banksia,Imam Mousa Al - Sadr Complex - Banksia,قنصلية لبنان العامة في سدني,31,كومنولث أستراليا - أستراليا,أستراليا,Australia,-33.946025,151.141516
1 - 2 - 24 - 15 - 18 - 14 -12 - 23,https://goo.gl/maps/qB9RKhyPK8K2,"750 Ridgewood Ave., Ottawa, ON",St. Elias Banquet Center - اوتاوا,Ottawa - St. Elias Banquet Center,سفارة لبنان في اوتاوا,1,كندا - أمريكا الشمالية,كندا,Canada,45.367466,-75.688002
3 - 21,https://goo.gl/maps/qB9RKhyPK8K2,"750 Ridgewood Ave., Ottawa, ON",St. Elias Banquet Center - اوتاوا,Ottawa - St. Elias Banquet Center,سفارة لبنان في اوتاوا,2,كندا - أمريكا الشمالية,كندا,Canada,45.367466,-75.688002
16 - 7 - 22,https://goo.gl/maps/qB9RKhyPK8K2,"750 Ridgewood Ave., Ottawa, ON",St. Elias Banquet Center - اوتاوا,Ottawa - St. Elias Banquet Center,سفارة لبنان في اوتاوا,3,كندا - أمريكا الشمالية,كندا,Canada,45.367466,-75.688002
19 - 25 - 26- 17 - 13 - 11 - 9 -6 - 8 - 4,https://goo.gl/maps/qB9RKhyPK8K2,"750 Ridgewood Ave., Ottawa, ON",St. Elias Banquet Center - اوتاوا,Ottawa - St. Elias Banquet Center,سفارة لبنان في اوتاوا,4,كندا - أمريكا الشمالية,كندا,Canada,45.367466,-75.688002
1 - 2 - 18,https://goo.gl/maps/NSVhTiDMqEE2,"45 Hallcrown PI, North York, ON",Armenian Community Center - تورونتو,Toronto - Armenian Community Center,سفارة لبنان في اوتاوا,5,كندا - أمريكا الشمالية,كندا,Canada,43.770169,-79.321724
14 - 23 - 22 - 19 -12 - 21 - 16 - 26- 10,https://goo.gl/maps/NSVhTiDMqEE2,"45 Hallcrown PI, North York, ON",Armenian Community Center - تورونتو,Toronto - Armenian Community Center,سفارة لبنان في اوتاوا,6,كندا - أمريكا الشمالية,كندا,Canada,43.770169,-79.321724
17 - 13 - 11 - 9 - 6 - 8 - 4 -5,https://goo.gl/maps/NSVhTiDMqEE2,"45 Hallcrown PI, North York, ON",Armenian Community Center - تورونتو,Toronto - Armenian Community Center,سفارة لبنان في اوتاوا,7,كندا - أمريكا الشمالية,كندا,Canada,43.770169,-79.321724
3 - 7 - 24 - 15,https://goo.gl/maps/NSVhTiDMqEE2,"45 Hallcrown PI, North York, ON",Armenian Community Center - تورونتو,Toronto - Armenian Community Center,سفارة لبنان في اوتاوا,8,كندا - أمريكا الشمالية,كندا,Canada,43.770169,-79.321724
0,https://goo.gl/maps/6XnUd2DznwL2,"14304 134 Ave. NW, Edmonton, AB",Canadian Druze Center - ادمونتون,Canadian Druze Center - Edmonton,سفارة لبنان في اوتاوا,9,كندا - أمريكا الشمالية,كندا,Canada,53.59613,-113.568758
0,https://goo.gl/maps/6XnUd2DznwL2,"14304 134 Ave. NW, Edmonton, AB",Canadian Druze Center - ادمونتون,Canadian Druze Center - Edmonton,سفارة لبنان في اوتاوا,10,كندا - أمريكا الشمالية,كندا,Canada,53.59613,-113.568758
0,https://goo.gl/maps/taBzoWn1Jnr,"5700 Outer Dr., Windsor, ON",St. Charbel Antonin - ويندسور Maronite Catholic Church,St. Charbel Antonin - Windsor Maronite Catholic Church,سفارة لبنان في اوتاوا,11,كندا - أمريكا الشمالية,كندا,Canada,42.233147,-82.983111
0,https://goo.gl/maps/etnVydpiwUu,"3375 Spruce Dr., Calgary, AB",Bow Cliff Seniors - كالغاري,Bow Cliff Seniors - Calgary,سفارة لبنان في اوتاوا,12,كندا - أمريكا الشمالية,كندا,Canada,51.047279,-114.135614
0,https://goo.gl/maps/cqMV3Gg2F6Q2,"3480 Joseph Howe Dr., Halifax, NS",هاليفاكس - مبنى القنصلية الفخرية,Haifax - honorary consulate building,سفارة لبنان في اوتاوا,13,كندا - أمريكا الشمالية,كندا,Canada,44.655312,-63.630387
0,https://goo.gl/maps/1KJ1oDbq7ct,"1205 Pinetree Way, Coquitlam, BC",Evergreen Cultural Center - فانكوفر,Evergreen Cultural Center - Vancouver,سفارة لبنان في اوتاوا,14,كندا - أمريكا الشمالية,كندا,Canada,49.285426,-122.790933
1,https://goo.gl/maps/9J4ofSex9Hz,"2100 Blvd. le Carrefour, Laval, QC",Le 4e Bataillon du Royal 22e - مونتريال Regiment,Le 4e Bataillon du Royal 22e - Montreal Regiment,قنصلية لبنان العامة في مونتريال,15,كندا - أمريكا الشمالية,كندا,Canada,45.571463,-73.741834
2,https://goo.gl/maps/9J4ofSex9Hz,"2100 Blvd. le Carrefour, Laval, QC",Le 4e Bataillon du Royal 22e - مونتريال Regiment,Le 4e Bataillon du Royal 22e - Montreal Regiment,قنصلية لبنان العامة في مونتريال,16,كندا - أمريكا الشمالية,كندا,Canada,45.571463,-73.741834
4,https://goo.gl/maps/9J4ofSex9Hz,"2100 Blvd. le Carrefour, Laval, QC",Le 4e Bataillon du Royal 22e - مونتريال Regiment,Le 4e Bataillon du Royal 22e - Montreal Regiment,قنصلية لبنان العامة في مونتريال,17,كندا - أمريكا الشمالية,كندا,Canada,45.571463,-73.741834
4,https://goo.gl/maps/9J4ofSex9Hz,"2100 Blvd. le Carrefour, Laval, QC",Le 4e Bataillon du Royal 22e - مونتريال Regiment,Le 4e Bataillon du Royal 22e - Montreal Regiment,قنصلية لبنان العامة في مونتريال,18,كندا - أمريكا الشمالية,كندا,Canada,45.571463,-73.741834
9 - 6 - 8,https://goo.gl/maps/9J4ofSex9Hz,"2100 Blvd. le Carrefour, Laval, QC",Le 4e Bataillon du Royal 22e - مونتريال Regiment,Le 4e Bataillon du Royal 22e - Montreal Regiment,قنصلية لبنان العامة في مونتريال,19,كندا - أمريكا الشمالية,كندا,Canada,45.571463,-73.741834
19,https://goo.gl/maps/9J4ofSex9Hz,"2100 Blvd. le Carrefour, Laval, QC",Le 4e Bataillon du Royal 22e - مونتريال Regiment,Le 4e Bataillon du Royal 22e - Montreal Regiment,قنصلية لبنان العامة في مونتريال,20,كندا - أمريكا الشمالية,كندا,Canada,45.571463,-73.741834
5,https://goo.gl/maps/9J4ofSex9Hz,"2100 Blvd. le Carrefour, Laval, QC",Le 4e Bataillon du Royal 22e - مونتريال Regiment,Le 4e Bataillon du Royal 22e - Montreal Regiment,قنصلية لبنان العامة في مونتريال,21,كندا - أمريكا الشمالية,كندا,Canada,45.571463,-73.741834
24 - 15 - 20,https://goo.gl/maps/9J4ofSex9Hz,"2100 Blvd. le Carrefour, Laval, QC",Le 4e Bataillon du Royal 22e - مونتريال Regiment,Le 4e Bataillon du Royal 22e - Montreal Regiment,قنصلية لبنان العامة في مونتريال,22,كندا - أمريكا الشمالية,كندا,Canada,45.571463,-73.741834
12 -18-7,https://goo.gl/maps/9J4ofSex9Hz,"2100 Blvd. le Carrefour, Laval, QC",Le 4e Bataillon du Royal 22e - مونتريال Regiment,Le 4e Bataillon du Royal 22e - Montreal Regiment,قنصلية لبنان العامة في مونتريال,23,كندا - أمريكا الشمالية,كندا,Canada,45.571463,-73.741834
14 -23-22,https://goo.gl/maps/9J4ofSex9Hz,"2100 Blvd. le Carrefour, Laval, QC",Le 4e Bataillon du Royal 22e - مونتريال Regiment,Le 4e Bataillon du Royal 22e - Montreal Regiment,قنصلية لبنان العامة في مونتريال,24,كندا - أمريكا الشمالية,كندا,Canada,45.571463,-73.741834
25 -26-10-17-13-11,https://goo.gl/maps/9J4ofSex9Hz,"2100 Blvd. le Carrefour, Laval, QC",Le 4e Bataillon du Royal 22e - مونتريال Regiment,Le 4e Bataillon du Royal 22e - Montreal Regiment,قنصلية لبنان العامة في مونتريال,25,كندا - أمريكا الشمالية,كندا,Canada,45.571463,-73.741834
21,https://goo.gl/maps/9J4ofSex9Hz,"2100 Blvd. le Carrefour, Laval, QC",Le 4e Bataillon du Royal 22e - مونتريال Regiment,Le 4e Bataillon du Royal 22e - Montreal Regiment,قنصلية لبنان العامة في مونتريال,26,كندا - أمريكا الشمالية,كندا,Canada,45.571463,-73.741834
3,https://goo.gl/maps/9J4ofSex9Hz,"2100 Blvd. le Carrefour, Laval, QC",Le 4e Bataillon du Royal 22e - مونتريال Regiment,Le 4e Bataillon du Royal 22e - Montreal Regiment,قنصلية لبنان العامة في مونتريال,27,كندا - أمريكا الشمالية,كندا,Canada,45.571463,-73.741834
3,https://goo.gl/maps/9J4ofSex9Hz,"2100 Blvd. le Carrefour, Laval, QC",Le 4e Bataillon du Royal 22e - مونتريال Regiment,Le 4e Bataillon du Royal 22e - Montreal Regiment,قنصلية لبنان العامة في مونتريال,28,كندا - أمريكا الشمالية,كندا,Canada,45.571463,-73.741834
16,https://goo.gl/maps/9J4ofSex9Hz,"2100 Blvd. le Carrefour, Laval, QC",Le 4e Bataillon du Royal 22e - مونتريال Regiment,Le 4e Bataillon du Royal 22e - Montreal Regiment,قنصلية لبنان العامة في مونتريال,29,كندا - أمريكا الشمالية,كندا,Canada,45.571463,-73.741834
16,https://goo.gl/maps/9J4ofSex9Hz,"2100 Blvd. le Carrefour, Laval, QC",Le 4e Bataillon du Royal 22e - مونتريال Regiment,Le 4e Bataillon du Royal 22e - Montreal Regiment,قنصلية لبنان العامة في مونتريال,30,كندا - أمريكا الشمالية,كندا,Canada,45.571463,-73.741834
0,https://goo.gl/maps/7DdZvwnU9Ls,"2500 Calvert St NW, Washington, DC 20008",Omni Shoreham - واشنطن العاصمة Hotel,Omni Shoreham - Washington DC Hotel,سفارة لبنان في واشنطن,1,الولايات المتحدة الأمريكية - أمريكا الشمالية,الولايات المتحدة الأمريكية,USA,38.922625,-77.053703
0,https://goo.gl/maps/7DdZvwnU9Ls,"2500 Calvert St NW, Washington, DC 20008",Omni Shoreham - واشنطن العاصمة Hotel,Omni Shoreham - Washington DC Hotel,سفارة لبنان في واشنطن,2,الولايات المتحدة الأمريكية - أمريكا الشمالية,الولايات المتحدة الأمريكية,USA,38.922625,-77.053703
0,https://goo.gl/maps/Uh31F3Afxhs,"2400 West Loop South, Houston, TX 77027",Sheraton Suites Near the - هيوستن Galleria,Sheraton Suites Near the - Houston Galleria,سفارة لبنان في واشنطن,3,الولايات المتحدة الأمريكية - أمريكا الشمالية,الولايات المتحدة الأمريكية,USA,29.742232,-95.458778
0,https://goo.gl/maps/Uh31F3Afxhs,"2400 West Loop South, Houston, TX 77027",Sheraton Suites Near the - هيوستن Galleria,Sheraton Suites Near the - Houston Galleria,سفارة لبنان في واشنطن,4,الولايات المتحدة الأمريكية - أمريكا الشمالية,الولايات المتحدة الأمريكية,USA,29.742232,-95.458778
0,https://goo.gl/maps/PtXMpJuAVg22,"3233 NW Loop 410, San Antonio, TX 78213",S.A. Marriott Northwest -سان انطونيو,S.A. Marriott Northwest - San Antonio,سفارة لبنان في واشنطن,5,الولايات المتحدة الأمريكية - أمريكا الشمالية,الولايات المتحدة الأمريكية,USA,29.505794,-98.547322
0,https://goo.gl/maps/pLp34GMnc362,"2051 S LeJeune Rd., Coral Gables, FL 33134",Courtyard By Marriott Coral - ميامي Gables,Courtyard By Marriott Coral - Miami Gables,سفارة لبنان في واشنطن,6,الولايات المتحدة الأمريكية - أمريكا الشمالية,الولايات المتحدة الأمريكية,USA,25.753887,-80.26254
0,https://goo.gl/maps/Q6biauYmjEz,"4500 West Cypress St., Tampa, FL 33607","Doubletree by Hilton , Tampa - تامبا Airport, Westshore","Doubletree by Hilton, Tampa Airport, Westshore",سفارة لبنان في واشنطن,7,الولايات المتحدة الأمريكية - أمريكا الشمالية,الولايات المتحدة الأمريكية,USA,27.951483,-82.520993
0,https://goo.gl/maps/bfaKqtAMqfH2,"4670 Salisbury Rd., Jacksonville, FL 32256",Jacksonville Marriott - جاكسونفيل,Jacksonville Marriott ,سفارة لبنان في واشنطن,8,الولايات المتحدة الأمريكية - أمريكا الشمالية,الولايات المتحدة الأمريكية,USA,30.247624,-81.589713
0,https://goo.gl/maps/zV5WEWC88kD2,"7 Concourse Parkway NW, Atlanta GA 30328",Westin Atlanta Perimeter - اتلانتا North Hotel,Westin Atlanta Perimeter North Hotel,سفارة لبنان في واشنطن,9,الولايات المتحدة الأمريكية - أمريكا الشمالية,الولايات المتحدة الأمريكية,USA,33.915645,-84.354951
1 - 2 - 24 - 20 - 15 -18 - 14 -12 - 23 - 21 - 16 - 22 - 5 - 3 - 7,https://goo.gl/maps/Sh4AQekyP7L2,"980 Park Ave., New York, NY 10028",Loyola School - نيويورك,Loyola School - New York,قنصلية لبنان العامة في نيويورك,10,الولايات المتحدة الأمريكية - أمريكا الشمالية,الولايات المتحدة الأمريكية,USA,40.778481,-73.958898
19 - 25 - 17 - 13 - 11 - 9 - 6 -8 - 4,https://goo.gl/maps/Sh4AQekyP7L2,"981 Park Ave., New York, NY 10028",Loyola School - نيويورك,Loyola School - New York,قنصلية لبنان العامة في نيويورك,11,الولايات المتحدة الأمريكية - أمريكا الشمالية,الولايات المتحدة الأمريكية,USA,40.778481,-73.958898
1 - 2 - 24 - 20 - 15 -18 - 14 -12 - 23 - 21 - 16 - 22 - 25 - 26- 10 - 19,https://goo.gl/maps/79HoAmfdTs92,"2345 Commonwealth Ave., Newton, MA 02466",Boston Marriott Newton - بوسطن,Boston Marriott Newton - Boston,قنصلية لبنان العامة في نيويورك,12,الولايات المتحدة الأمريكية - أمريكا الشمالية,الولايات المتحدة الأمريكية,USA,42.346513,-71.258624
17 - 13 - 11 - 9,https://goo.gl/maps/79HoAmfdTs92,"2345 Commonwealth Ave., Newton, MA 02466",Boston Marriott Newton - بوسطن,Boston Marriott Newton - Boston,قنصلية لبنان العامة في نيويورك,13,الولايات المتحدة الأمريكية - أمريكا الشمالية,الولايات المتحدة الأمريكية,USA,42.346513,-71.258624
6 - 8 - 4 - 5 - 3 - 7,https://goo.gl/maps/79HoAmfdTs92,"2345 Commonwealth Ave., Newton, MA 02466",Boston Marriott Newton - بوسطن,Boston Marriott Newton - Boston,قنصلية لبنان العامة في نيويورك,14,الولايات المتحدة الأمريكية - أمريكا الشمالية,الولايات المتحدة الأمريكية,USA,42.346513,-71.258624
0,https://goo.gl/maps/o85Jyt9pdvt,"195 Davidson Ave., Somerset, NJ 08873",Fairbridge Hotel - سامرست,Fairbridge Hotel - Somerset NJ,قنصلية لبنان العامة في نيويورك,15,الولايات المتحدة الأمريكية - أمريكا الشمالية,الولايات المتحدة الأمريكية,USA,40.538488,-74.524475
0,https://goo.gl/maps/3dvfxHmzQuq,"22 West St., Danbury CT 06810",The Lebanon-American Club - دانبيري of Danbury,The Lebanon-American Club of Danbury,قنصلية لبنان العامة في نيويورك,16,الولايات المتحدة الأمريكية - أمريكا الشمالية,الولايات المتحدة الأمريكية,USA,41.39285,-73.452651
0,https://goo.gl/maps/xk9R46fU2t92,"3723 Nazareth Rd., Easton, PA 18045",Hampton Inn Hotel - ايستون,Hampton Inn Hotel - Easton,قنصلية لبنان العامة في نيويورك,17,الولايات المتحدة الأمريكية - أمريكا الشمالية,الولايات المتحدة الأمريكية,USA,40.709727,-75.280696
1 - 2 - 8 - 24 - 25,https://goo.gl/maps/rwmMMzKsRnk,"251 S. Olive St., Los Angeles, CA 90012",Omni Los Angeles Hotel - لوس انجلوس,Omni Los Angeles Hotel ,قنصلية لبنان العامة في لوس انجلوس,18,الولايات المتحدة الأمريكية - أمريكا الشمالية,الولايات المتحدة الأمريكية,USA,34.052721,-118.250348
9 - 3 - 11 - 4 - 13 - 6 - 17 -23,https://goo.gl/maps/rwmMMzKsRnk,"251 S. Olive St., Los Angeles, CA 90012",Omni Los Angeles Hotel - لوس انجلوس,Omni Los Angeles Hotel ,قنصلية لبنان العامة في لوس انجلوس,19,الولايات المتحدة الأمريكية - أمريكا الشمالية,الولايات المتحدة الأمريكية,USA,34.052721,-118.250348
26- 10 - 5 - 14 - 15 - 16 - 18 - 7 - 19 - 20,https://goo.gl/maps/rwmMMzKsRnk,"251 S. Olive St., Los Angeles, CA 90012",Omni Los Angeles Hotel - لوس انجلوس,Omni Los Angeles Hotel ,قنصلية لبنان العامة في لوس انجلوس,20,الولايات المتحدة الأمريكية - أمريكا الشمالية,الولايات المتحدة الأمريكية,USA,34.052721,-118.250348
0,https://goo.gl/maps/BHVQ8GMfz7T2,"650 S. Main St., Corona, CA 92882",Corona Public Library - ريفر سايد,Corona Public Library - Riverside,قنصلية لبنان العامة في لوس انجلوس,21,الولايات المتحدة الأمريكية - أمريكا الشمالية,الولايات المتحدة الأمريكية,USA,33.874915,-117.567912
0,https://goo.gl/maps/ep56coeSD6m,"3359 26th St., San Francisco, CA 94110",The Laundry - سان فرانسيسكو,The Laundry - San francisco,قنصلية لبنان العامة في لوس انجلوس,22,الولايات المتحدة الأمريكية - أمريكا الشمالية,الولايات المتحدة الأمريكية,USA,37.748967,-122.417301
0,https://goo.gl/maps/ni1vZgHyC1q,"734 Polk St., Phoenix, AZ 85007",Unexpected Art Gallery - فينيكس,Unexpected Art Gallery -  Phoenix,قنصلية لبنان العامة في لوس انجلوس,23,الولايات المتحدة الأمريكية - أمريكا الشمالية,الولايات المتحدة الأمريكية,USA,33.453785,-112.083792
0,https://goo.gl/maps/BinubWdmPdA2,"777 NE ML King Blvd., OR 97232",Oregon Convention Center - بورتلاند,Oregon Convention Center - Portland,قنصلية لبنان العامة في لوس انجلوس,24,الولايات المتحدة الأمريكية - أمريكا الشمالية,الولايات المتحدة الأمريكية,USA,45.528332,-122.66347
0,https://goo.gl/maps/AGVGHyAjk1P2,"15801 Michigan Ave., Dearborn, MI 48126", Performing Arts Center & Ford Community - ديربورن, Performing Arts Center & Ford Community - Dearborn,قنصلية لبنان العامة في ديترويت,25,الولايات المتحدة الأمريكية - أمريكا الشمالية,الولايات المتحدة الأمريكية,USA,42.314121,-83.197377
0,https://goo.gl/maps/AGVGHyAjk1P2,"15801 Michigan Ave., Dearborn, MI 48126", Performing Arts Center & Ford Community - ديربورن, Performing Arts Center & Ford Community - Dearborn,قنصلية لبنان العامة في ديترويت,26,الولايات المتحدة الأمريكية - أمريكا الشمالية,الولايات المتحدة الأمريكية,USA,42.314121,-83.197377
0,https://goo.gl/maps/RWXmwhTEZG42,"2301 York Rd., Oak Brook, IL 60523",The Drake Oak Brook Hotel - اوكبروك,The Drake Oak brook Hotel - Oak Brook,قنصلية لبنان العامة في ديترويت,27,الولايات المتحدة الأمريكية - أمريكا الشمالية,الولايات المتحدة الأمريكية,USA,41.845184,-87.927438
0,https://goo.gl/maps/PjRMpkXvvvL2,"1000 Town Center Suite 2450, Southfield, MI 48075",ديترويت - قنصلية لبنان العامة,Detroit - Lebanese consulate general,قنصلية لبنان العامة في ديترويت,28,الولايات المتحدة الأمريكية - أمريكا الشمالية,الولايات المتحدة الأمريكية,USA,42.475138,-83.243654
0,https://goo.gl/maps/kZDNoZw6B3C2,"43133 Ryan Rd., Sterling Heights, MI 48314",& MCC Banquets - ستيرلنغ هايتس Events,MCC Banquets & Events - Sterling Heights,قنصلية لبنان العامة في ديترويت,29,الولايات المتحدة الأمريكية - أمريكا الشمالية,الولايات المتحدة الأمريكية,USA,42.608948,-83.072964
0,https://goo.gl/maps/yKGvJqHwdtK2,"6001 Rockside Rd., Independence, OH 44131",Holiday Inn - كليفلاند,Holiday Inn - Cleveland,قنصلية لبنان العامة في ديترويت,30,الولايات المتحدة الأمريكية - أمريكا الشمالية,الولايات المتحدة الأمريكية,USA,41.397201,-81.649135
0,https://goo.gl/maps/ox8uVaDfuw52,"602 University Ave. NE, Minneapolis, MN 55413",Cedar Halls - مينيابوليس,Cedars Hall -Minneapolis,قنصلية لبنان العامة في ديترويت,31,الولايات المتحدة الأمريكية - أمريكا الشمالية,الولايات المتحدة الأمريكية,USA,44.994559,-93.261443
